command,mean,stddev,median,user,system,min,max
target/release/niimean,0.9852814107399998,0.043271510139942564,0.9695043830400001,0.7717973199999997,0.20539698000000006,0.94109134404,1.24861688604
3dBrickStat -slow -mean wf-mp2rage-7t_2017087.nii.gz,1.3107622455600003,0.0399557887525159,1.29870797546,1.27254689,0.029294719999999982,1.27551789496,1.54464598196
scripts/niimean.js,2.28315149713,0.1086014682119017,2.2571430599199998,2.3207709299999992,0.18651976999999997,2.13959860892,2.74165777592
scripts/niimean.m,2.395199731690001,0.11918616423501802,2.35617418422,1.7785810600000003,0.5773570399999997,2.30726180822,3.26420969522
scripts/niimean.py,2.411166389950001,0.499584984852427,2.27135750542,1.7702480500000004,0.6096925,2.12427006942,4.57361809042
niimean/niimean,2.6641224248400004,0.15505256483636587,2.63864533338,2.7326859699999995,0.52342109,2.43863458188,3.25522044088
scripts/niimean.jl,3.900984445,0.19708240138970523,3.85228833828,3.54239115,0.31508376000000005,3.67688209278,4.63929789478
scripts/niimean.R,5.98789394056,0.22424929325131773,5.93864259072,5.2681220500000006,0.67314532,5.7170284017199995,7.261082259719999
