command,mean,stddev,median,user,system,min,max
scripts/niimean.rs,0.9621326657600001,0.024497719731759415,0.95442334516,0.7642305799999999,0.18841533333333327,0.93780396716,1.0273672911599998
3dBrickStat -slow -mean wf-mp2rage-7t_2017087.nii.gz,1.3107622455600003,0.0399557887525159,1.29870797546,1.27254689,0.029294719999999982,1.27551789496,1.54464598196
scripts/niimean.pl,2.1366932064,0.020326450348565728,2.1322137628,1.8058255199999997,0.32178831333333324,2.1167291228000003,2.1974380468
scripts/niimean.js,2.28315149713,0.1086014682119017,2.2571430599199998,2.3207709299999992,0.18651976999999997,2.13959860892,2.74165777592
scripts/niimean.m,2.3018377481866668,0.03067790336521577,2.29157963592,1.7383258866666664,0.5405801266666667,2.27306809592,2.38863529092
scripts/niimean.py,2.411166389950001,0.499584984852427,2.27135750542,1.7702480500000004,0.6096925,2.12427006942,4.57361809042
scripts/niimean.go,2.5561759101000003,0.07315056403102829,2.5570108735,2.648943706666666,0.47080804666666676,2.4439048455,2.7027600594999996
scripts/niimean.jl,3.900984445,0.19708240138970523,3.85228833828,3.54239115,0.31508376000000005,3.67688209278,4.63929789478
scripts/niimean.R,5.98789394056,0.22424929325131773,5.93864259072,5.2681220500000006,0.67314532,5.7170284017199995,7.261082259719999
