command,mean,stddev,median,user,system,min,max
scripts/voxcor.rs -r t/syn_roi.nii.gz -x t/syn1.nii.gz -y t/syn2.nii.gz,0.1757916816733333,0.02851658553857114,0.19201077054000001,0.1430915266666667,0.030118680000000002,0.12942482854,0.20982610554000003
scripts/voxcor.go -r t/syn_roi.nii.gz -x t/syn1.nii.gz -y t/syn2.nii.gz,0.3301760501066667,0.030549107686972134,0.32616840004000003,0.3149950533333333,0.059526066666666676,0.29913391004,0.40996991904
scripts/voxcor.pl -r t/syn_roi.nii.gz -x t/syn1.nii.gz -y t/syn2.nii.gz,1.1296654845333334,0.18523085429773226,1.1140993452,1.0039757266666667,0.0823924333333333,0.8455625872000001,1.3830131772
scripts/voxcor.py -r t/syn_roi.nii.gz -x t/syn1.nii.gz -y t/syn2.nii.gz,1.1676383423400003,0.10992137733580014,1.18449360774,0.8828363400000001,0.17417992,1.00830615874,1.29942250374
scripts/voxcor.m -r t/syn_roi.nii.gz -x t/syn1.nii.gz -y t/syn2.nii.gz,1.56671582186,0.05849914482883331,1.54243819646,1.0801973666666667,0.48172065333333336,1.51982348146,1.7374264664599999
scripts/voxcor.R -r t/syn_roi.nii.gz -x t/syn1.nii.gz -y t/syn2.nii.gz,2.5896878668933336,0.05324759567298816,2.58468731696,2.3797830933333333,0.18816710666666667,2.48631145096,2.70078141796
scripts/voxcor.jl -r t/syn_roi.nii.gz -x t/syn1.nii.gz -y t/syn2.nii.gz,4.584035632946667,0.056855399597537826,4.579209485480001,4.306390919999999,0.23041306,4.49841183248,4.6800994214800005
