command,mean,stddev,median,user,system,min,max
3dBrickStat -slow wf-mp2rage-7t_2017087.nii.gz,0.5354297979800001,0.002391734557286432,0.53471873278,0.5084449999999999,0.024140180000000004,0.53094186478,0.53892448778
fslstats wf-mp2rage-7t_2017087.nii.gz -m,0.38638791758000013,0.0029592237613124,0.38624191728,0.36128839999999995,0.023121580000000003,0.38303696078000005,0.39321994978
deno run --allow-read scripts/niimean.js,1.1437857468800001,0.01543778178790097,1.1404860882799999,1.1776130999999999,0.07800908,1.1207649707799998,1.1729960207799999
scripts/niimean.m,1.13162519978,0.013736531062973492,1.12872552878,0.7795211,0.29417008,1.11616302578,1.15337141678
niimean/niimean,2.18266449358,0.012884734215243065,2.18197964328,2.2770997,0.12739698,2.16650471578,2.2035389807800003
scripts/niimean.py,1.44900791778,0.008201006355191245,1.44704965928,1.2475774,0.19119377999999998,1.44043231178,1.46386090578
julia scripts/niimean.jl,1.59455355108,0.019049038760940655,1.59318253228,1.4430909,0.14100208,1.57226103978,1.63223608178
scripts/niimean.R,2.8203738854800005,0.034233324587938964,2.81107419878,2.52832,0.27536228000000007,2.78067153478,2.89134860578
target/release/niimean,2.0379646574800003,0.021674212022425848,2.03435986328,1.9878825999999996,0.040758279999999994,2.0074836457800003,2.08442663978
