command,mean,stddev,median,user,system,min,max
scripts/voxcor.rs -r t/syn_roi.nii.gz -x t/syn1.nii.gz -y t/syn2.nii.gz,0.10011695514074072,0.009343476420871412,0.0977545534,0.07851376444444444,0.02156616888888889,0.0867469474,0.12176697140000001
scripts/voxcor.go -r t/syn_roi.nii.gz -x t/syn1.nii.gz -y t/syn2.nii.gz,0.2599205325600001,0.02054244768669851,0.25992378356,0.26287526,0.03261173333333333,0.22447788356,0.29751335156000003
scripts/voxcor.py -r t/syn_roi.nii.gz -x t/syn1.nii.gz -y t/syn2.nii.gz,1.38515054508,0.05654890249562669,1.39829296888,1.15630944,0.2318162533333333,1.2958799598800002,1.46755036188
scripts/voxcor.m -r t/syn_roi.nii.gz -x t/syn1.nii.gz -y t/syn2.nii.gz,1.6904066477000002,0.08690464992425452,1.7073724443,0.6232627133333334,0.30591692666666664,1.5162941763,1.8822613293
scripts/voxcor.R -r t/syn_roi.nii.gz -x t/syn1.nii.gz -y t/syn2.nii.gz,2.05836244986,0.3422207348169217,2.0082457112600003,1.8859932999999998,0.17485599333333332,1.5140380452600002,2.70162341326
scripts/voxcor.jl -r t/syn_roi.nii.gz -x syn1.nii.gz -y syn2.nii.gz,2.7809278878133337,0.1576592617416906,2.76799583968,2.587615646666666,0.19285483999999997,2.59391928368,3.29272310268
