command,mean,stddev,median,user,system,min,max
scripts/niimean.rs,0.7828163549533335,0.029426008247808156,0.7766178128200001,0.6245599933333333,0.12484188666666668,0.7518438348200001,0.8646620898200001
3dBrickStat -slow -mean wf-mp2rage-7t_2017087.nii.gz,0.85274598658,0.05731440608804189,0.83742466338,0.7479207266666666,0.037323699999999994,0.7925270063800001,1.0139740273800002
scripts/niimean.js,1.6075552853599997,0.07567657985232264,1.57170168656,1.4007954666666664,0.14862565999999997,1.54416792556,1.7751893615600003
scripts/niimean.py,1.9606048361600004,0.27896112986060195,1.81973324316,1.3434876066666666,0.4076049666666666,1.64148379416,2.52005529216
scripts/niimean.jl,2.7771015256066667,0.10275396843403353,2.77776899714,2.3920095999999997,0.25932018,2.64699474314,2.99683083214
scripts/niimean.go,3.7007599487799996,0.12502119099953146,3.70593840038,3.1828542666666664,0.31218909333333333,3.54608941738,3.91045959338
scripts/niimean.R,4.853049086546666,0.282867521176264,4.7846563174800005,4.02674852,0.5400350666666667,4.582472413480001,5.537416818480001
scripts/niimean.m,5.32050014194,0.11796199408342492,5.27334541034,1.3771655933333333,0.9141987199999999,5.14414388634,5.503984576340001
